id,url,titleEng,titleJap,opening,ending,genres,rank,score,scoredBy,episodes,licensors,aired
1,https://myanimelist.net/anime/1/Cowboy_Bebop,Cowboy Bebop,カウボーイビバップ,,,"['Action', 'Adventure', 'Comedy', 'Drama', 'Sci-Fi']",34.0,34.0,810704,26.0,"['Funimation', 'Bandai Entertainment']","Apr 3, 1998 to Apr 24, 1999"
5,https://myanimelist.net/anime/5/Cowboy_Bebop__Tengoku_no_Tobira,Cowboy Bebop: The Movie,カウボーイビバップ 天国の扉,,,"['Action', 'Drama', 'Mystery', 'Sci-Fi']",177.0,177.0,189169,1.0,['Sony Pictures Entertainment'],"Sep 1, 2001"
6,https://myanimelist.net/anime/6/Trigun,Trigun,トライガン,,,"['Action', 'Adventure', 'Comedy', 'Drama', 'Sci-Fi']",298.0,298.0,323527,26.0,"['Funimation', 'Geneon Entertainment USA']","Apr 1, 1998 to Sep 30, 1998"
7,https://myanimelist.net/anime/7/Witch_Hunter_Robin,Witch Hunter Robin,Witch Hunter ROBIN (ウイッチハンターロビン),,,"['Action', 'Drama', 'Mystery', 'Supernatural']",2637.0,2637.0,41219,26.0,"['Funimation', 'Bandai Entertainment']","Jul 2, 2002 to Dec 24, 2002"
8,https://myanimelist.net/anime/8/Bouken_Ou_Beet,Beet the Vandel Buster,冒険王ビィト,,,"['Adventure', 'Fantasy', 'Supernatural']",4010.0,4010.0,6203,52.0,[],"Sep 30, 2004 to Sep 29, 2005"
15,https://myanimelist.net/anime/15/Eyeshield_21,,アイシールド21,,,"['Action', 'Comedy', 'Sports']",648.0,648.0,82055,145.0,"['VIZ Media', 'Sentai Filmworks']","Apr 6, 2005 to Mar 19, 2008"
16,https://myanimelist.net/anime/16/Hachimitsu_to_Clover,Honey and Clover,ハチミツとクローバー,,,"['Comedy', 'Drama', 'Romance', 'Slice of Life']",539.0,539.0,78091,24.0,"['VIZ Media', 'Discotek Media']","Apr 15, 2005 to Sep 27, 2005"
17,https://myanimelist.net/anime/17/Hungry_Heart__Wild_Striker,,ハングリーハート Wild Striker,,,"['Comedy', 'Slice of Life', 'Sports']",1463.0,1463.0,12334,52.0,[],"Sep 11, 2002 to Sep 10, 2003"
18,https://myanimelist.net/anime/18/Initial_D_Fourth_Stage,,頭文字〈イニシャル〉D FOURTH STAGE,,,"['Action', 'Drama']",383.0,383.0,85214,24.0,['Funimation'],"Apr 17, 2004 to Feb 18, 2006"
19,https://myanimelist.net/anime/19/Monster,Monster,モンスター,,,"['Drama', 'Mystery', 'Suspense']",25.0,25.0,293667,74.0,['VIZ Media'],"Apr 7, 2004 to Sep 28, 2005"
20,https://myanimelist.net/anime/20/Naruto,Naruto,ナルト,,,"['Action', 'Adventure', 'Fantasy']",597.0,597.0,1694078,220.0,['VIZ Media'],"Oct 3, 2002 to Feb 8, 2007"
21,https://myanimelist.net/anime/21/One_Piece,One Piece,ONE PIECE,,,"['Action', 'Adventure', 'Comedy', 'Drama', 'Fantasy']",66.0,66.0,1033507,,"['Funimation', '4Kids Entertainment']","Oct 20, 1999 to ?"
22,https://myanimelist.net/anime/22/Tennis_no_Ouji-sama,The Prince of Tennis,テニスの王子様,,,"['Action', 'Comedy', 'Sports']",755.0,755.0,77399,178.0,['VIZ Media'],"Oct 10, 2001 to Mar 23, 2005"
23,https://myanimelist.net/anime/23/Ring_ni_Kakero_1,,リングにかけろ１,,,"['Action', 'Sports']",6766.0,6766.0,1228,12.0,[],"Oct 6, 2004 to Dec 15, 2004"
24,https://myanimelist.net/anime/24/School_Rumble,School Rumble,スクールランブル,,,"['Comedy', 'Romance']",700.0,700.0,140850,26.0,['Funimation'],"Oct 5, 2004 to Mar 29, 2005"
25,https://myanimelist.net/anime/25/Sunabouzu,Desert Punk,砂ぼうず,,,"['Action', 'Adventure', 'Comedy', 'Sci-Fi', 'Ecchi']",1996.0,1996.0,50936,24.0,['Funimation'],"Oct 6, 2004 to Mar 30, 2005"
26,https://myanimelist.net/anime/26/Texhnolyze,Texhnolyze,TEXHNOLYZE,,,"['Action', 'Drama', 'Sci-Fi']",945.0,945.0,50577,22.0,"['Funimation', 'Geneon Entertainment USA']","Apr 17, 2003 to Sep 25, 2003"
27,https://myanimelist.net/anime/27/Trinity_Blood,Trinity Blood,トリニティ・ブラッド,,,"['Action', 'Supernatural']",2427.0,2427.0,76766,24.0,['Funimation'],"Apr 29, 2005 to Oct 28, 2005"
28,https://myanimelist.net/anime/28/Yakitate_Japan,Yakitate!! Japan,焼きたて!! ジャぱん,,,"['Comedy', 'Gourmet']",662.0,662.0,38502,69.0,['Nozomi Entertainment'],"Oct 12, 2004 to Mar 14, 2006"
29,https://myanimelist.net/anime/29/Zipang,,ジパング,,,"['Action', 'Drama', 'Sci-Fi']",1646.0,1646.0,6659,26.0,['Geneon Entertainment USA'],"Oct 8, 2004 to Apr 1, 2005"
30,https://myanimelist.net/anime/30/Neon_Genesis_Evangelion,Neon Genesis Evangelion,新世紀エヴァンゲリオン,,,"['Action', 'Avant Garde', 'Drama', 'Sci-Fi']",197.0,197.0,900977,26.0,"['ADV Films', 'GKIDS', 'Netflix']","Oct 4, 1995 to Mar 27, 1996"
31,https://myanimelist.net/anime/31/Neon_Genesis_Evangelion__Death___Rebirth,Neon Genesis Evangelion: Death & Rebirth,新世紀エヴァンゲリオン劇場版 シト新生,,,"['Drama', 'Sci-Fi']",1819.0,1819.0,126669,1.0,"['GKIDS', 'Manga Entertainment']","Mar 15, 1997"
32,https://myanimelist.net/anime/32/Neon_Genesis_Evangelion__The_End_of_Evangelion,Neon Genesis Evangelion: The End of Evangelion,新世紀エヴァンゲリオン劇場版 THE END OF EVANGELION,,,"['Avant Garde', 'Drama', 'Sci-Fi']",89.0,89.0,511166,1.0,"['GKIDS', 'Manga Entertainment']","Jul 19, 1997"
33,https://myanimelist.net/anime/33/Kenpuu_Denki_Berserk,Berserk,剣風伝奇ベルセルク,,,"['Action', 'Adventure', 'Drama', 'Fantasy', 'Horror', 'Supernatural']",100.0,100.0,280562,25.0,"['Media Blasters', 'NYAV Post']","Oct 8, 1997 to Apr 1, 1998"
43,https://myanimelist.net/anime/43/Koukaku_Kidoutai,Ghost in the Shell,GHOST IN THE SHELL（攻殻機動隊）,,,"['Action', 'Sci-Fi']",253.0,253.0,288988,1.0,['Manga Entertainment'],"Nov 18, 1995"
44,https://myanimelist.net/anime/44/Rurouni_Kenshin__Meiji_Kenkaku_Romantan_-_Tsuioku-hen,Samurai X: Trust and Betrayal,るろうに剣心―明治剣客浪漫譚―追憶編,,,"['Action', 'Drama', 'Romance']",47.0,47.0,127911,4.0,"['ADV Films', 'Aniplex of America']","Feb 20, 1999 to Sep 22, 1999"
45,https://myanimelist.net/anime/45/Rurouni_Kenshin__Meiji_Kenkaku_Romantan,Rurouni Kenshin,るろうに剣心 -明治剣客浪漫譚-,,,"['Action', 'Adventure', 'Comedy', 'Romance']",230.0,230.0,217557,94.0,"['Media Blasters', 'Aniplex of America']","Jan 10, 1996 to Sep 8, 1998"
46,https://myanimelist.net/anime/46/Rurouni_Kenshin__Meiji_Kenkaku_Romantan_-_Ishinshishi_e_no_Chinkonka,Samurai X: The Motion Picture,るろうに剣心 -明治剣客浪漫譚- 維新志士への鎮魂歌,,,[],1442.0,1442.0,25763,1.0,"['ADV Films', 'Aniplex of America']","Dec 20, 1997"
47,https://myanimelist.net/anime/47/Akira,AKIRA,AKIRA（アキラ）,,,"['Action', 'Adventure', 'Horror', 'Sci-Fi', 'Supernatural']",363.0,363.0,430700,1.0,"['Funimation', 'Bandai Entertainment', 'Geneon Entertainment USA']","Jul 16, 1988"
48,https://myanimelist.net/anime/48/hack__Sign,.hack//Sign,.hack//SIGN,,,"['Adventure', 'Fantasy', 'Mystery', 'Sci-Fi']",4004.0,4004.0,80273,26.0,"['Funimation', 'Bandai Entertainment']","Apr 4, 2002 to Sep 26, 2002"
49,https://myanimelist.net/anime/49/Aa_Megami-sama,Oh! My Goddess,ああっ女神さまっ,,,"['Comedy', 'Romance', 'Supernatural']",2431.0,2431.0,25438,5.0,['AnimEigo'],"Feb 21, 1993 to May 17, 1994"
50,https://myanimelist.net/anime/50/Aa_Megami-sama_TV,Ah! My Goddess,ああっ女神さまっ,,,"['Comedy', 'Romance', 'Supernatural']",2270.0,2270.0,73759,24.0,"['Media Blasters', 'NYAV Post']","Jan 7, 2005 to Jul 8, 2005"
51,https://myanimelist.net/anime/51/Tenshi_Kinryouku,Angel Sanctuary,天使禁猟区,,,"['Action', 'Drama', 'Romance', 'Supernatural']",7374.0,7374.0,26044,3.0,['Media Blasters'],"May 25, 2000 to Aug 25, 2000"
52,https://myanimelist.net/anime/52/Kidou_Tenshi_Angelic_Layer,Battle Doll Angelic Layer,機動天使エンジェリックレイヤー,,,"['Comedy', 'Drama', 'Sci-Fi', 'Sports']",2667.0,2667.0,27592,26.0,"['ADV Films', 'Sentai Filmworks']","Apr 1, 2001 to Sep 23, 2001"
53,https://myanimelist.net/anime/53/Ai_Yori_Aoshi,Ai Yori Aoshi,藍より青し,,,"['Comedy', 'Drama', 'Romance', 'Slice of Life']",3322.0,3322.0,51131,24.0,"['Funimation', 'Geneon Entertainment USA']","Apr 11, 2002 to Sep 26, 2002"
54,https://myanimelist.net/anime/54/Appleseed_Movie,,アップルシード,,,"['Action', 'Drama', 'Sci-Fi']",3489.0,3489.0,40091,1.0,"['Sentai Filmworks', 'Geneon Entertainment USA']","Apr 17, 2004"
55,https://myanimelist.net/anime/55/Arc_the_Lad,,アークザラッド,,,"['Action', 'Adventure', 'Fantasy', 'Horror', 'Sci-Fi']",6167.0,6167.0,5662,26.0,['ADV Films'],"Apr 5, 1999 to Sep 11, 1999"
56,https://myanimelist.net/anime/56/Avenger,,アヴェンジャー,,,"['Adventure', 'Fantasy', 'Sci-Fi']",9294.0,9294.0,6590,13.0,['Bandai Entertainment'],"Oct 2, 2003 to Dec 25, 2003"
57,https://myanimelist.net/anime/57/Beck,Beck: Mongolian Chop Squad,ベック,,,"['Comedy', 'Drama', 'Slice of Life']",233.0,233.0,128350,26.0,['Funimation'],"Oct 7, 2004 to Mar 31, 2005"
58,https://myanimelist.net/anime/58/Blue_Gender,Blue Gender,BLUE GENDER,,,"['Adventure', 'Drama', 'Horror', 'Romance', 'Sci-Fi']",3716.0,3716.0,28204,26.0,['Funimation'],"Oct 8, 1999 to Mar 31, 2000"
59,https://myanimelist.net/anime/59/Chobits,Chobits,ちょびっツ,,,"['Comedy', 'Drama', 'Romance', 'Sci-Fi', 'Ecchi']",1945.0,1945.0,238673,26.0,"['Funimation', 'Geneon Entertainment USA']","Apr 3, 2002 to Sep 25, 2002"
60,https://myanimelist.net/anime/60/Chrno_Crusade,Chrono Crusade,クロノクルセイド,,,"['Action', 'Romance', 'Supernatural']",1245.0,1245.0,99667,24.0,"['ADV Films', 'Funimation']","Nov 25, 2003 to Jun 10, 2004"
61,https://myanimelist.net/anime/61/DNAngel,D.N.Angel,Ｄ・Ｎ・ＡＮＧＥＬ,,,"['Action', 'Comedy', 'Fantasy', 'Romance']",3023.0,3023.0,95865,26.0,"['ADV Films', 'Discotek Media']","Apr 3, 2003 to Sep 25, 2003"
62,https://myanimelist.net/anime/62/DC__Da_Capo,D.C.~Da Capo~,D.C.～ダ・カーポ～,,,"['Drama', 'Romance']",5041.0,5041.0,29630,26.0,[],"Jul 5, 2003 to Dec 27, 2003"
63,https://myanimelist.net/anime/63/DearS,DearS,ディアーズ,,,"['Comedy', 'Romance', 'Sci-Fi', 'Ecchi']",5820.0,5820.0,75921,12.0,"['Discotek Media', 'Geneon Entertainment USA']","Jul 11, 2004 to Sep 26, 2004"
64,https://myanimelist.net/anime/64/Rozen_Maiden,Rozen Maiden,ローゼンメイデン,,,"['Action', 'Comedy', 'Drama']",1906.0,1906.0,92628,12.0,"['Sentai Filmworks', 'Geneon Entertainment USA']","Oct 8, 2004 to Dec 24, 2004"
65,https://myanimelist.net/anime/65/Rozen_Maiden__Träumend,Rozen Maiden: Träumend,ローゼンメイデン トロイメント,,,"['Action', 'Comedy', 'Drama']",1266.0,1266.0,56264,12.0,"['Sentai Filmworks', 'Geneon Entertainment USA']","Oct 21, 2005 to Jan 27, 2006"
66,https://myanimelist.net/anime/66/Azumanga_Daioh,Azumanga Daioh: The Animation,あずまんが大王 THE ANIMATION,,,"['Comedy', 'Slice of Life']",591.0,591.0,135639,26.0,"['ADV Films', 'Sentai Filmworks']","Apr 9, 2002 to Oct 1, 2002"
67,https://myanimelist.net/anime/67/Basilisk__Kouga_Ninpou_Chou,Basilisk,バジリスク 甲賀忍法帖,,,"['Action', 'Adventure', 'Fantasy', 'Romance', 'Supernatural']",1453.0,1453.0,73513,24.0,['Funimation'],"Apr 13, 2005 to Sep 21, 2005"
68,https://myanimelist.net/anime/68/Black_Cat_TV,Black Cat,ブラックキャット,,,"['Adventure', 'Comedy', 'Sci-Fi']",2182.0,2182.0,122857,23.0,['Funimation'],"Oct 7, 2005 to Mar 31, 2006"
69,https://myanimelist.net/anime/69/Cluster_Edge,,CLUSTER EDGE（クラスターエッジ）,,,"['Action', 'Fantasy', 'Sci-Fi']",7122.0,7122.0,2910,25.0,['Sentai Filmworks'],"Oct 5, 2005 to Mar 29, 2006"
71,https://myanimelist.net/anime/71/Full_Metal_Panic,Full Metal Panic!,フルメタル・パニック！,,,"['Action', 'Comedy', 'Sci-Fi']",1287.0,1287.0,226957,24.0,"['ADV Films', 'Funimation']","Jan 8, 2002 to Jun 18, 2002"
72,https://myanimelist.net/anime/72/Full_Metal_Panic_Fumoffu,Full Metal Panic? Fumoffu,フルメタル・パニック? ふもっふ,,,"['Action', 'Comedy']",508.0,508.0,165492,12.0,"['ADV Films', 'Funimation']","Aug 26, 2003 to Nov 18, 2003"
73,https://myanimelist.net/anime/73/Full_Metal_Panic_The_Second_Raid,Full Metal Panic! The Second Raid,フルメタル パニック！The Second Raid,,,[],642.0,642.0,140873,13.0,"['ADV Films', 'Funimation', 'Kadokawa Pictures USA']","Jul 14, 2005 to Oct 20, 2005"
74,https://myanimelist.net/anime/74/Gakuen_Alice,Gakuen Alice,学園アリス,,,[],1225.0,1225.0,47916,26.0,['Nozomi Entertainment'],"Oct 30, 2004 to May 14, 2005"
75,https://myanimelist.net/anime/75/Soukyuu_no_Fafner__Dead_Aggressor,Fafner of the Blue Sky,蒼穹のファフナーDead Aggressor,,,"['Action', 'Drama', 'Sci-Fi']",2610.0,2610.0,14090,25.0,"['Funimation', 'Geneon Entertainment USA']","Jul 5, 2004 to Dec 27, 2004"
76,https://myanimelist.net/anime/76/Mahou_Shoujo_Lyrical_Nanoha,Magical Girl Lyrical Nanoha,魔法少女リリカルなのは,,,"['Action', 'Comedy', 'Drama']",1936.0,1936.0,39643,13.0,['Geneon Entertainment USA'],"Oct 3, 2004 to Dec 26, 2004"
77,https://myanimelist.net/anime/77/Mahou_Shoujo_Lyrical_Nanoha_As,Magical Girl Lyrical Nanoha A's,魔法少女リリカルなのは エース,,,"['Action', 'Comedy', 'Drama']",596.0,596.0,31805,13.0,['Geneon Entertainment USA'],"Oct 2, 2005 to Dec 25, 2005"
79,https://myanimelist.net/anime/79/Shuffle,Shuffle!,SHUFFLE! (シャッフル!),,,"['Comedy', 'Drama', 'Fantasy', 'Romance', 'Ecchi']",3666.0,3666.0,129349,24.0,['Funimation'],"Jul 8, 2005 to Jan 6, 2006"
80,https://myanimelist.net/anime/80/Mobile_Suit_Gundam,Mobile Suit Gundam,機動戦士ガンダム,,,[],936.0,936.0,50975,43.0,"['Nozomi Entertainment', 'Bandai Entertainment']","Apr 7, 1979 to Jan 26, 1980"
81,https://myanimelist.net/anime/81/Mobile_Suit_Gundam__The_08th_MS_Team,Mobile Suit Gundam: The 08th MS Team,機動戦士ガンダム 第08MS小隊,,,"['Adventure', 'Drama', 'Romance', 'Sci-Fi']",549.0,549.0,39503,12.0,['Bandai Entertainment'],"Jan 25, 1996 to Jul 25, 1999"
82,https://myanimelist.net/anime/82/Mobile_Suit_Gundam_0080__War_in_the_Pocket,Mobile Suit Gundam 0080: War in the Pocket,機動戦士ガンダム 0080 ポケットの中の戦争,,,"['Drama', 'Sci-Fi']",655.0,655.0,27494,6.0,"['Nozomi Entertainment', 'Bandai Entertainment']","Mar 25, 1989 to Aug 25, 1989"
83,https://myanimelist.net/anime/83/Mobile_Suit_Gundam__The_08th_MS_Team_-_Millers_Report,,機動戦士ガンダム 第08MS小隊 ミラーズ・リポート,,,"['Drama', 'Romance', 'Sci-Fi']",4860.0,4860.0,6257,1.0,['Bandai Entertainment'],"Aug 1, 1998"
84,https://myanimelist.net/anime/84/Mobile_Suit_Gundam_0083__Stardust_Memory,Mobile Suit Gundam 0083: Stardust Memory,機動戦士ガンダム0083 STARDUST MEMORY,,,"['Adventure', 'Drama', 'Romance', 'Sci-Fi']",2594.0,2594.0,21488,13.0,"['Nozomi Entertainment', 'Bandai Entertainment']","May 23, 1991 to Sep 24, 1992"
85,https://myanimelist.net/anime/85/Mobile_Suit_Zeta_Gundam,Mobile Suit Zeta Gundam,機動戦士Ζガンダム,,,"['Drama', 'Romance', 'Sci-Fi']",720.0,720.0,31604,50.0,"['Nozomi Entertainment', 'Bandai Entertainment']","Mar 2, 1985 to Feb 22, 1986"
86,https://myanimelist.net/anime/86/Mobile_Suit_Gundam_ZZ,Mobile Suit Gundam ZZ,機動戦士ガンダムZZ,,,"['Comedy', 'Drama', 'Sci-Fi']",5462.0,5462.0,17342,47.0,['Nozomi Entertainment'],"Mar 1, 1986 to Jan 31, 1987"
87,https://myanimelist.net/anime/87/Mobile_Suit_Gundam__Chars_Counterattack,Mobile Suit Gundam: Char's Counterattack,機動戦士ガンダム 逆襲のシャア,,,"['Drama', 'Sci-Fi']",1167.0,1167.0,24052,1.0,['Bandai Entertainment'],"Mar 12, 1988"
88,https://myanimelist.net/anime/88/Mobile_Suit_Gundam_F91,Mobile Suit Gundam F91,機動戦士ガンダムＦ91,,,"['Drama', 'Sci-Fi']",5480.0,5480.0,14665,1.0,"['Nozomi Entertainment', 'Bandai Entertainment']","Mar 16, 1991"
89,https://myanimelist.net/anime/89/Mobile_Suit_Victory_Gundam,Mobile Suit V Gundam,機動戦士Vガンダム,,,"['Drama', 'Sci-Fi']",4987.0,4987.0,9197,51.0,['Nozomi Entertainment'],"Apr 2, 1993 to Mar 25, 1994"
90,https://myanimelist.net/anime/90/Mobile_Suit_Gundam_Wing,Mobile Suit Gundam Wing,新機動戦記ガンダムW,,,"['Action', 'Drama', 'Sci-Fi']",1073.0,1073.0,83226,49.0,['Bandai Entertainment'],"Apr 7, 1995 to Mar 29, 1996"
91,https://myanimelist.net/anime/91/Mobile_Suit_Gundam_Wing__Endless_Waltz,Mobile Suit Gundam Wing: Endless Waltz,新機動戦記ガンダムW エンドレス・ワルツ,,,"['Action', 'Drama', 'Sci-Fi']",969.0,969.0,25960,3.0,['Bandai Entertainment'],"Jan 25, 1997 to Jul 25, 1997"
92,https://myanimelist.net/anime/92/After_War_Gundam_X,After War Gundam X,機動新世紀ガンダムX,,,"['Adventure', 'Drama', 'Sci-Fi']",2340.0,2340.0,14220,39.0,['Nozomi Entertainment'],"Apr 5, 1996 to Dec 28, 1996"
93,https://myanimelist.net/anime/93/Mobile_Suit_Gundam_SEED,Mobile Suit Gundam SEED,機動戦士ガンダムSEED,,,"['Action', 'Drama', 'Romance', 'Sci-Fi']",938.0,938.0,88086,50.0,"['Bandai Entertainment', 'NYAV Post']","Oct 5, 2002 to Sep 27, 2003"
94,https://myanimelist.net/anime/94/Mobile_Suit_Gundam_SEED_Destiny,,機動戦士ガンダムSEED DESTINY,,,"['Action', 'Drama', 'Romance', 'Sci-Fi']",2918.0,2918.0,59975,50.0,"['Bandai Entertainment', 'NYAV Post']","Oct 9, 2004 to Oct 1, 2005"
95,https://myanimelist.net/anime/95/Turn_A_Gundam,∀ Gundam,∀ガンダム,,,"['Action', 'Adventure', 'Drama', 'Romance', 'Sci-Fi']",1072.0,1072.0,14423,50.0,['Nozomi Entertainment'],"Apr 9, 1999 to Apr 14, 2000"
96,https://myanimelist.net/anime/96/Mobile_Fighter_G_Gundam,Mobile Fighter G Gundam,機動武闘伝Gガンダム,,,"['Adventure', 'Comedy', 'Drama', 'Romance', 'Sci-Fi', 'Sports']",1436.0,1436.0,33820,49.0,['Bandai Entertainment'],"Apr 1, 1994 to Mar 31, 1995"
97,https://myanimelist.net/anime/97/Last_Exile,Last Exile,LAST EXILE（ラストエグザイル）,,,"['Action', 'Adventure', 'Sci-Fi']",881.0,881.0,67548,26.0,"['Funimation', 'Geneon Entertainment USA']","Apr 8, 2003 to Sep 30, 2003"
98,https://myanimelist.net/anime/98/Mai-HiME,My-Hime,舞-HiME,,,"['Action', 'Comedy', 'Drama', 'Fantasy', 'Girls Love', 'Romance']",1882.0,1882.0,49765,26.0,"['Funimation', 'Bandai Entertainment']","Sep 30, 2004 to Mar 31, 2005"
99,https://myanimelist.net/anime/99/Mai-Otome,My-Otome,舞-乙HiME,,,"['Comedy', 'Drama', 'Fantasy']",2485.0,2485.0,24444,26.0,"['Funimation', 'Bandai Entertainment']","Oct 7, 2005 to Mar 31, 2006"
100,https://myanimelist.net/anime/100/Shin_Shirayuki-hime_Densetsu_Prétear,Prétear: The New Legend of Snow White,新白雪姫伝説プリーティア,,,"['Comedy', 'Drama', 'Fantasy', 'Romance']",3085.0,3085.0,27071,13.0,"['ADV Films', 'Funimation']","Apr 4, 2001 to Jun 27, 2001"
101,https://myanimelist.net/anime/101/Air,Air,AIR,,,"['Drama', 'Romance', 'Slice of Life', 'Supernatural']",2461.0,2461.0,146019,12.0,"['ADV Films', 'Funimation']","Jan 7, 2005 to Mar 25, 2005"
102,https://myanimelist.net/anime/102/Aishiteruze_Baby★★,,愛してるぜ ベイベ★★,,,"['Comedy', 'Drama', 'Romance']",1774.0,1774.0,51100,26.0,[],"Apr 3, 2004 to Oct 9, 2004"
103,https://myanimelist.net/anime/103/Akazukin_Chacha,Red Riding Hood Chacha,赤ずきんチャチャ,,,"['Adventure', 'Comedy', 'Fantasy', 'Romance']",2002.0,2002.0,4897,74.0,[],"Jan 7, 1994 to Jun 30, 1995"
104,https://myanimelist.net/anime/104/Ayashi_no_Ceres,"Ceres, Celestial Legend",妖しのセレス,,,"['Adventure', 'Comedy', 'Drama', 'Horror', 'Romance', 'Supernatural']",2859.0,2859.0,26450,24.0,"['VIZ Media', 'Discotek Media']","Apr 20, 2000 to Sep 28, 2000"
105,https://myanimelist.net/anime/105/Boys_Be,Boys Be...,ボーイズ・ビー,,,"['Comedy', 'Romance', 'Slice of Life']",6683.0,6683.0,8834,13.0,['Nozomi Entertainment'],"Apr 11, 2000 to Jul 4, 2000"
106,https://myanimelist.net/anime/106/Hana_yori_Dango,Hana Yori Dango,花より男子,,,"['Drama', 'Romance']",1227.0,1227.0,22956,51.0,"['VIZ Media', 'Discotek Media']","Sep 8, 1996 to Aug 31, 1997"
107,https://myanimelist.net/anime/107/Ou_Dorobou_Jing,Jing: King of Bandits,王ドロボウ JING,,,"['Adventure', 'Comedy', 'Fantasy', 'Sci-Fi']",2894.0,2894.0,13825,13.0,['ADV Films'],"May 15, 2002 to Aug 14, 2002"
108,https://myanimelist.net/anime/108/Ou_Dorobou_Jing_in_Seventh_Heaven,Jing: King of Bandits - Seventh Heaven,王ドロボウ JING in Seventh Heaven,,,"['Adventure', 'Comedy', 'Fantasy']",2601.0,2601.0,5329,3.0,"['ADV Films', 'Funimation']","Jan 21, 2004 to Apr 28, 2004"
109,https://myanimelist.net/anime/109/Bakuretsu_Tenshi,Burst Angel,爆裂天使,,,"['Adventure', 'Comedy', 'Sci-Fi']",4720.0,4720.0,30073,24.0,['Funimation'],"Apr 7, 2004 to Sep 15, 2004"
110,https://myanimelist.net/anime/110/Chuuka_Ichiban,,中華一番,,,"['Action', 'Comedy', 'Drama', 'Gourmet']",1297.0,1297.0,7652,52.0,[],"Apr 27, 1997 to Sep 13, 1998"
111,https://myanimelist.net/anime/111/Corrector_Yui,Corrector Yui,コレクター・ユイ,,,"['Adventure', 'Comedy', 'Sci-Fi']",4460.0,4460.0,5966,52.0,['VIZ Media'],"Apr 9, 1999 to Oct 20, 2000"
112,https://myanimelist.net/anime/112/Chou_Henshin_Cosprayers,The Cosmopolitan Prayers,超変身コス∞プレイヤー,,,"['Action', 'Adventure', 'Comedy', 'Fantasy', 'Sci-Fi', 'Ecchi']",11956.0,11956.0,3033,8.0,[],"Jan 12, 2004 to Mar 1, 2004"
113,https://myanimelist.net/anime/113/Uchuu_no_Stellvia,Stellvia,宇宙のステルヴィア,,,"['Action', 'Romance', 'Sci-Fi']",2159.0,2159.0,8992,26.0,"['Discotek Media', 'Geneon Entertainment USA']","Apr 3, 2003 to Sep 25, 2003"
114,https://myanimelist.net/anime/114/Sakigake_Cromartie_Koukou,Cromartie High School,魁!! クロマティ高校,,,[],690.0,690.0,50049,26.0,"['ADV Films', 'Sentai Filmworks', 'Discotek Media']","Oct 3, 2003 to Mar 26, 2004"
115,https://myanimelist.net/anime/115/El_Hazard__The_Alternative_World,,異次元の世界エルハザード,,,"['Adventure', 'Comedy', 'Fantasy']",4644.0,4644.0,4691,13.0,['Geneon Entertainment USA'],"Jan 8, 1998 to Mar 26, 1998"
116,https://myanimelist.net/anime/116/El_Hazard__The_Wanderers,El-Hazard: The Wanderers,神秘の世界エルハザード,,,"['Adventure', 'Comedy', 'Fantasy', 'Romance']",4105.0,4105.0,6733,26.0,"['Nozomi Entertainment', 'Geneon Entertainment USA']","Oct 6, 1995 to Mar 29, 1996"
117,https://myanimelist.net/anime/117/El_Hazard__The_Magnificent_World,,神秘の世界エルハザード,,,"['Adventure', 'Comedy', 'Fantasy', 'Romance']",2547.0,2547.0,7219,7.0,"['Nozomi Entertainment', 'Geneon Entertainment USA']","May 26, 1995 to Jan 25, 1996"
118,https://myanimelist.net/anime/118/El_Hazard_2__The_Magnificent_World,,神秘の世界 エルハザード 第2期,,,"['Adventure', 'Comedy', 'Fantasy']",4643.0,4643.0,4036,4.0,['Geneon Entertainment USA'],"Mar 21, 1997 to Oct 25, 1997"
119,https://myanimelist.net/anime/119/Final_Approach,,φなる・あぷろーち,,,"['Comedy', 'Drama', 'Romance', 'Slice of Life']",6081.0,6081.0,17060,13.0,[],"Oct 3, 2004 to Dec 26, 2004"
120,https://myanimelist.net/anime/120/Fruits_Basket,Fruits Basket,フルーツバスケット,,,"['Comedy', 'Drama', 'Romance', 'Slice of Life', 'Supernatural']",1133.0,1133.0,262936,26.0,['Funimation'],"Jul 5, 2001 to Dec 27, 2001"
121,https://myanimelist.net/anime/121/Fullmetal_Alchemist,Fullmetal Alchemist,鋼の錬金術師,,,"['Action', 'Adventure', 'Drama', 'Fantasy']",415.0,415.0,820519,51.0,"['Funimation', 'Aniplex of America']","Oct 4, 2003 to Oct 2, 2004"
122,https://myanimelist.net/anime/122/Full_Moon_wo_Sagashite,Searching for the Full Moon,満月をさがして,,,"['Comedy', 'Drama', 'Romance', 'Supernatural']",643.0,643.0,44840,52.0,['VIZ Media'],"Apr 6, 2002 to Mar 29, 2003"
123,https://myanimelist.net/anime/123/Fushigi_Yuugi,Mysterious Play,ふしぎ遊戯,,,"['Adventure', 'Comedy', 'Drama', 'Fantasy', 'Romance']",1288.0,1288.0,48677,52.0,"['Media Blasters', 'Geneon Entertainment USA']","Apr 6, 1995 to Mar 28, 1996"
124,https://myanimelist.net/anime/124/Fushigi_Yuugi__Eikouden,Mysterious Play: Eikoden,ふしぎ遊戯 -永光伝,,,"['Adventure', 'Drama', 'Fantasy', 'Romance']",4538.0,4538.0,8584,4.0,"['Media Blasters', 'Geneon Entertainment USA']","Dec 21, 2001 to Jun 25, 2002"
125,https://myanimelist.net/anime/125/Futakoi,Twin Love,双恋,,,"['Comedy', 'Romance']",6476.0,6476.0,15459,13.0,[],"Oct 6, 2004 to Dec 29, 2004"
126,https://myanimelist.net/anime/126/Futakoi_Alternative,,フタコイ オルタナティブ,,,"['Comedy', 'Drama', 'Romance']",4365.0,4365.0,11361,13.0,[],"Apr 7, 2005 to Jun 30, 2005"
127,https://myanimelist.net/anime/127/Gate_Keepers,,ゲートキーパーズ,,,"['Action', 'Comedy', 'Fantasy', 'Sci-Fi']",4122.0,4122.0,8917,24.0,['Geneon Entertainment USA'],"Apr 3, 2000 to Sep 18, 2000"
128,https://myanimelist.net/anime/128/Gate_Keepers_21,,ゲートキーパーズ21,,,"['Action', 'Drama', 'Sci-Fi']",4912.0,4912.0,4389,6.0,['Geneon Entertainment USA'],"Apr 24, 2002 to Jan 8, 2003"
129,https://myanimelist.net/anime/129/Gensoumaden_Saiyuuki,Saiyuki,幻想魔伝 最遊記,,,"['Action', 'Adventure', 'Comedy', 'Drama', 'Supernatural']",1410.0,1410.0,20368,50.0,['ADV Films'],"Apr 4, 2000 to Mar 27, 2001"
130,https://myanimelist.net/anime/130/Saiyuuki_Reload,Saiyuki Reload,最遊記RELOAD,,,"['Action', 'Adventure', 'Comedy', 'Drama', 'Supernatural']",2049.0,2049.0,12607,25.0,"['Discotek Media', 'Geneon Entertainment USA']","Oct 2, 2003 to Mar 25, 2004"
131,https://myanimelist.net/anime/131/Saiyuuki_Reload_Gunlock,Saiyuki Gunlock,最遊記RELOAD GUNLOCK,,,"['Action', 'Adventure', 'Comedy', 'Drama', 'Supernatural']",1991.0,1991.0,8041,26.0,['Geneon Entertainment USA'],"Apr 2, 2004 to Sep 24, 2004"
132,https://myanimelist.net/anime/132/GetBackers,Getbackers,ゲットバッカーズ　奪還屋,,,"['Action', 'Comedy', 'Drama', 'Mystery', 'Supernatural']",1352.0,1352.0,51271,49.0,"['ADV Films', 'Sentai Filmworks']","Oct 5, 2002 to Sep 20, 2003"
133,https://myanimelist.net/anime/133/Green_Green,Green Green,グリーングリーン,,,"['Comedy', 'Romance', 'Slice of Life', 'Ecchi']",7932.0,7932.0,64333,12.0,['Media Blasters'],"Jul 12, 2003 to Sep 27, 2003"
134,https://myanimelist.net/anime/134/Gunslinger_Girl,Gunslinger Girl,ガンスリンガー・ガール,,,"['Action', 'Drama', 'Sci-Fi']",2011.0,2011.0,73225,13.0,['Funimation'],"Oct 9, 2003 to Feb 19, 2004"
135,https://myanimelist.net/anime/135/Hikaru_no_Go,Hikaru no Go,ヒカルの碁,,,"['Comedy', 'Supernatural']",461.0,461.0,58503,75.0,['VIZ Media'],"Oct 10, 2001 to Mar 26, 2003"
136,https://myanimelist.net/anime/136/Hunter_x_Hunter,Hunter x Hunter,HUNTER×HUNTER（ハンター×ハンター）,,,"['Action', 'Adventure', 'Fantasy']",168.0,168.0,251456,62.0,['VIZ Media'],"Oct 16, 1999 to Mar 31, 2001"
137,https://myanimelist.net/anime/137/Hunter_x_Hunter__Original_Video_Animation,,HUNTER×HUNTER Original Video Animation,,,"['Action', 'Adventure', 'Fantasy']",223.0,223.0,60599,8.0,[],"Jan 17, 2002 to Apr 17, 2002"
138,https://myanimelist.net/anime/138/Hunter_x_Hunter__Greed_Island,,HUNTER×HUNTER Greed Island,,,"['Action', 'Adventure', 'Fantasy']",334.0,334.0,76617,8.0,[],"Feb 5, 2003 to Apr 16, 2003"
139,https://myanimelist.net/anime/139/Hunter_x_Hunter__Greed_Island_Final,,HUNTER×HUNTER G・I Final,,,"['Action', 'Adventure', 'Fantasy']",263.0,263.0,70694,14.0,[],"Mar 3, 2004 to Aug 18, 2004"
141,https://myanimelist.net/anime/141/Jinki_Extend,Jinki: Extend,ジンキ・エクステンド,,,[],8250.0,8250.0,4035,12.0,"['ADV Films', 'Funimation']","Jan 6, 2005 to Mar 24, 2005"
142,https://myanimelist.net/anime/142/Kamikaze_Kaitou_Jeanne,,神風怪盗ジャンヌ,,,"['Adventure', 'Comedy', 'Drama', 'Fantasy', 'Mystery', 'Romance']",1789.0,1789.0,26486,44.0,[],"Feb 13, 1999 to Jan 29, 2000"
143,https://myanimelist.net/anime/143/Kannazuki_no_Miko,Destiny of the Shrine Maiden,神無月の巫女,,,"['Drama', 'Girls Love', 'Romance', 'Supernatural']",4571.0,4571.0,28537,12.0,"['Sentai Filmworks', 'Geneon Entertainment USA']","Oct 2, 2004 to Dec 18, 2004"
144,https://myanimelist.net/anime/144/Kanon,,カノン,,,"['Drama', 'Romance', 'Slice of Life', 'Supernatural']",3442.0,3442.0,25672,13.0,['Funimation'],"Jan 31, 2002 to Mar 28, 2002"
145,https://myanimelist.net/anime/145/Kareshi_Kanojo_no_Jijou,His and Her Circumstances,彼氏彼女の事情,,,"['Comedy', 'Drama', 'Romance', 'Slice of Life']",1334.0,1334.0,72953,26.0,['Nozomi Entertainment'],"Oct 2, 1998 to Mar 26, 1999"
146,https://myanimelist.net/anime/146/Kono_Minikuku_mo_Utsukushii_Sekai,This Ugly Yet Beautiful World,この醜くも美しい世界,,,"['Comedy', 'Drama', 'Romance', 'Sci-Fi', 'Ecchi']",5051.0,5051.0,27664,12.0,['ADV Films'],"Apr 2, 2004 to Jun 18, 2004"
147,https://myanimelist.net/anime/147/Kimi_ga_Nozomu_Eien,Rumbling Hearts,君が望む永遠,,,"['Drama', 'Romance', 'Slice of Life']",2960.0,2960.0,65384,14.0,['Funimation'],"Oct 5, 2003 to Jan 4, 2004"
148,https://myanimelist.net/anime/148/Kita_e__Diamond_Dust_Drops,Diamond Daydreams,北へ。 ～Diamond Dust Drops～,,,"['Drama', 'Romance', 'Slice of Life']",5761.0,5761.0,2533,12.0,['ADV Films'],"Jan 20, 2004 to Apr 5, 2004"
149,https://myanimelist.net/anime/149/Loveless,Loveless,LOVELESS,,,"['Action', 'Boys Love', 'Drama', 'Fantasy', 'Mystery', 'Romance', 'Supernatural']",4773.0,4773.0,67169,12.0,['Media Blasters'],"Apr 7, 2005 to Jun 30, 2005"
150,https://myanimelist.net/anime/150/Blood_,Blood+,ブラッドプラス,,,"['Action', 'Drama', 'Horror', 'Mystery', 'Supernatural']",1242.0,1242.0,151005,50.0,['Sony Pictures Entertainment'],"Oct 8, 2005 to Sep 23, 2006"
151,https://myanimelist.net/anime/151/Re__Cutey_Honey,,Re:キューティーハニー,,,"['Action', 'Comedy', 'Girls Love', 'Sci-Fi', 'Ecchi']",3392.0,3392.0,9900,3.0,[],"Jul 24, 2004 to Sep 25, 2004"
152,https://myanimelist.net/anime/152/Solty_Rei,,ソルティレイ,,,"['Action', 'Sci-Fi']",2608.0,2608.0,11817,24.0,['Funimation'],"Oct 7, 2005 to Mar 31, 2006"
153,https://myanimelist.net/anime/153/Juuni_Kokuki,The Twelve Kingdoms,十二国記,,,"['Action', 'Adventure', 'Fantasy', 'Supernatural']",509.0,509.0,41357,45.0,"['Media Blasters', 'Discotek Media', 'Tokyopop']","Apr 9, 2002 to Aug 30, 2003"
154,https://myanimelist.net/anime/154/Shaman_King,Shaman King,シャーマンキング,,,"['Action', 'Adventure', 'Comedy', 'Supernatural']",941.0,941.0,181604,64.0,"['4Kids Entertainment', 'Discotek Media']","Jul 4, 2001 to Sep 25, 2002"
155,https://myanimelist.net/anime/155/X_1999,X - The Movie,"エックス, X/1999",,,"['Action', 'Drama', 'Fantasy', 'Horror', 'Sci-Fi', 'Supernatural']",5890.0,5890.0,17437,1.0,['Manga Entertainment'],"Aug 3, 1996"
156,https://myanimelist.net/anime/156/X,X,X−エックス−,,,"['Action', 'Drama', 'Fantasy', 'Romance']",1978.0,1978.0,33502,24.0,"['Funimation', 'Geneon Entertainment USA']","Oct 3, 2001 to Mar 27, 2002"
157,https://myanimelist.net/anime/157/Mahou_Sensei_Negima,Negima!,魔法先生 ネギま！,,,"['Comedy', 'Fantasy', 'Romance', 'Supernatural', 'Ecchi']",4052.0,4052.0,61277,26.0,"['Funimation', 'Sentai Filmworks']","Jan 6, 2005 to Jun 30, 2005"
158,https://myanimelist.net/anime/158/Maria-sama_ga_Miteru,Maria Watches Over Us,マリア様がみてる,,,"['Drama', 'Girls Love', 'Romance', 'Slice of Life']",2382.0,2382.0,19791,13.0,"['Nozomi Entertainment', 'Maiden Japan']","Jan 8, 2004 to Apr 1, 2004"
159,https://myanimelist.net/anime/159/Boukyaku_no_Senritsu,The Melody of Oblivion,忘却の旋律,,,"['Adventure', 'Fantasy', 'Horror', 'Sci-Fi', 'Supernatural']",7202.0,7202.0,5859,24.0,['Geneon Entertainment USA'],"Apr 7, 2004 to Sep 22, 2004"
160,https://myanimelist.net/anime/160/Ima_Soko_ni_Iru_Boku,"Now and Then, Here and There",今、そこにいる僕,,,"['Adventure', 'Drama', 'Fantasy', 'Sci-Fi']",1254.0,1254.0,37704,13.0,"['ADV Films', 'Central Park Media']","Oct 14, 1999 to Jan 20, 2000"
161,https://myanimelist.net/anime/161/Peace_Maker_Kurogane,Peace Maker Kurogane,PEACE MAKER 鐵,,,"['Action', 'Comedy']",2388.0,2388.0,22426,24.0,"['ADV Films', 'Funimation']","Oct 8, 2003 to Mar 24, 2004"
162,https://myanimelist.net/anime/162/Pita_Ten,Pita-Ten,ぴたテン,,,"['Comedy', 'Fantasy', 'Romance']",4139.0,4139.0,10053,26.0,['Nozomi Entertainment'],"Apr 7, 2002 to Sep 29, 2002"
163,https://myanimelist.net/anime/163/Power_Stone,,パワーストーン,,,"['Adventure', 'Comedy', 'Fantasy']",6239.0,6239.0,3429,26.0,['ADV Films'],"Apr 3, 1999 to Sep 25, 1999"
164,https://myanimelist.net/anime/164/Mononoke_Hime,Princess Mononoke,もののけ姫,,,"['Action', 'Adventure', 'Fantasy']",54.0,54.0,694338,1.0,['GKIDS'],"Jul 12, 1997"
165,https://myanimelist.net/anime/165/RahXephon,RahXephon,ラーゼフォン,,,"['Action', 'Drama', 'Mystery', 'Romance', 'Sci-Fi']",1990.0,1990.0,40808,26.0,"['ADV Films', 'Sentai Filmworks']","Jan 21, 2002 to Sep 11, 2002"
166,https://myanimelist.net/anime/166/Samurai_7,Samurai 7,サムライセブン,,,[],1760.0,1760.0,59344,26.0,['Funimation'],"Jun 12, 2004 to Dec 25, 2004"
167,https://myanimelist.net/anime/167/Scrapped_Princess,Scrapped Princess,スクラップド・プリンセス,,,"['Adventure', 'Comedy', 'Drama', 'Fantasy', 'Sci-Fi']",2051.0,2051.0,36283,24.0,"['Funimation', 'Bandai Entertainment']","Apr 8, 2003 to Oct 7, 2003"
168,https://myanimelist.net/anime/168/sCRYed,s-CRY-ed,スクライド,,,"['Action', 'Adventure', 'Drama', 'Sci-Fi']",2124.0,2124.0,36814,26.0,"['Bandai Entertainment', 'Sentai Filmworks', 'Discotek Media']","Jul 4, 2001 to Dec 26, 2001"
169,https://myanimelist.net/anime/169/Shingetsutan_Tsukihime,Lunar Legend Tsukihime,真月譚 月姫,,,"['Action', 'Horror', 'Mystery', 'Romance', 'Supernatural']",4494.0,4494.0,66817,12.0,"['Sentai Filmworks', 'Geneon Entertainment USA']","Oct 10, 2003 to Dec 26, 2003"
170,https://myanimelist.net/anime/170/Slam_Dunk,Slam Dunk,スラムダンク,,,"['Comedy', 'Drama', 'Sports']",102.0,102.0,116129,101.0,"['Flatiron Film Company', 'Geneon Entertainment USA']","Oct 16, 1993 to Mar 23, 1996"
171,https://myanimelist.net/anime/171/Strange_Dawn,,ストレンジ・ドーン,,,"['Adventure', 'Drama', 'Fantasy']",7155.0,7155.0,1384,13.0,['Urban Vision'],"Jul 11, 2000 to Sep 26, 2000"
173,https://myanimelist.net/anime/173/Tactics,,タクティクス,,,"['Comedy', 'Drama', 'Mystery', 'Supernatural']",2904.0,2904.0,13766,25.0,['Manga Entertainment'],"Oct 6, 2004 to Mar 30, 2005"
174,https://myanimelist.net/anime/174/Tenjou_Tenge,Tenjho Tenge,天上天下,,,"['Action', 'Comedy', 'Ecchi']",4332.0,4332.0,86013,24.0,"['Discotek Media', 'Geneon Entertainment USA']","Apr 2, 2004 to Sep 17, 2004"
175,https://myanimelist.net/anime/175/Tokyo_Underground,Tokyo Underground,東京アンダーグラウンド,,,"['Action', 'Adventure', 'Romance', 'Sci-Fi']",5678.0,5678.0,11145,26.0,"['Discotek Media', 'Geneon Entertainment USA']","Apr 2, 2002 to Sep 24, 2002"
176,https://myanimelist.net/anime/176/Triangle_Heart__Sweet_Songs_Forever,,とらいあんぐるハート -Sweet Songs Forever-,,,"['Adventure', 'Romance']",8185.0,8185.0,2553,4.0,[],"Jul 24, 2003 to Dec 26, 2003"
177,https://myanimelist.net/anime/177/Tsubasa_Chronicle,Tsubasa RESERVoir CHRoNiCLE,ツバサ・クロニクル,,,"['Action', 'Adventure', 'Fantasy', 'Romance', 'Supernatural']",1574.0,1574.0,92120,26.0,['Funimation'],"Apr 9, 2005 to Oct 15, 2005"
178,https://myanimelist.net/anime/178/Ultra_Maniac,Ultramaniac - Magical Girl,ウルトラマニアック,,,"['Comedy', 'Romance']",3122.0,3122.0,13019,26.0,"['Discotek Media', 'Geneon Entertainment USA']","May 20, 2003 to Nov 11, 2003"
179,https://myanimelist.net/anime/179/Ultra_Maniac_OVA,,ウルトラマニアック,,,"['Comedy', 'Romance']",5474.0,5474.0,2300,1.0,[],"Aug 6, 2002"
180,https://myanimelist.net/anime/180/Vandread,Vandread,ヴァンドレッド,,,"['Action', 'Sci-Fi', 'Ecchi']",3013.0,3013.0,41777,13.0,"['Funimation', 'Geneon Entertainment USA']","Oct 3, 2000 to Dec 19, 2000"
181,https://myanimelist.net/anime/181/Vandread__The_Second_Stage,Vandread: The Second Stage,ヴァンドレッド the second stage,,,"['Action', 'Sci-Fi', 'Ecchi']",1999.0,1999.0,30283,13.0,"['Funimation', 'Geneon Entertainment USA']","Oct 5, 2001 to Jan 18, 2002"
182,https://myanimelist.net/anime/182/Tenkuu_no_Escaflowne,The Vision of Escaflowne,天空のエスカフローネ,,,"['Adventure', 'Fantasy', 'Romance']",1121.0,1121.0,61439,26.0,"['Funimation', 'Bandai Entertainment']","Apr 2, 1996 to Sep 24, 1996"
183,https://myanimelist.net/anime/183/Whistle,,ホイッスル！,,,[],2079.0,2079.0,6291,39.0,[],"May 6, 2002 to Feb 3, 2003"
184,https://myanimelist.net/anime/184/Xenosaga_The_Animation,,ゼノサーガ THE ANIMATION,,,"['Action', 'Sci-Fi']",7079.0,7079.0,8054,12.0,"['ADV Films', 'Funimation']","Jan 6, 2005 to Mar 24, 2005"
185,https://myanimelist.net/anime/185/Initial_D_First_Stage,Initial D First Stage,頭文字〈イニシャル〉D,,,"['Action', 'Drama']",239.0,239.0,152435,26.0,"['Funimation', 'Tokyopop']","Apr 19, 1998 to Dec 6, 1998"
186,https://myanimelist.net/anime/186/Initial_D_Second_Stage,Initial D Second Stage,頭文字〈イニシャル〉D SECOND STAGE,,,"['Action', 'Drama']",384.0,384.0,108021,13.0,"['Funimation', 'Tokyopop']","Oct 15, 1999 to Jan 21, 2000"
187,https://myanimelist.net/anime/187/Initial_D_Third_Stage,,頭文字〈イニシャル〉D THIRD STAGE,,,"['Action', 'Drama', 'Romance']",736.0,736.0,90447,1.0,['Funimation'],"Jan 13, 2001"
188,https://myanimelist.net/anime/188/Gosenzo_Sane,Masquerade,御先祖賛江,,,"['Comedy', 'Mystery', 'Supernatural', 'Hentai']",,,895,4.0,[],"Sep 25, 1998 to Mar 25, 1999"
189,https://myanimelist.net/anime/189/Love_Hina,Love Hina,ラブひな,,,"['Comedy', 'Romance', 'Slice of Life', 'Ecchi']",3369.0,3369.0,129421,24.0,"['Funimation', 'Bandai Entertainment']","Apr 19, 2000 to Sep 27, 2000"
190,https://myanimelist.net/anime/190/Love_Hina_Again,Love Hina Again,ラブ ひな Again,,,"['Comedy', 'Drama', 'Romance', 'Ecchi']",2780.0,2780.0,49841,3.0,"['Bandai Entertainment', 'Discotek Media']","Jan 26, 2002 to Mar 27, 2002"
191,https://myanimelist.net/anime/191/Love_Hina_Christmas_Special__Silent_Eve,Love Hina Christmas Movie,ラブひなクリスマススペシャル ～サイレント・イヴ～,,,"['Comedy', 'Romance', 'Slice of Life']",2283.0,2283.0,34656,1.0,['Bandai Entertainment'],"Dec 25, 2000"
192,https://myanimelist.net/anime/192/Love_Hina_Haru_Special__Kimi_Sakura_Chiru_Nakare,Love Hina Spring Movie,ラブひな春スペシャル 〜キミサクラチルナカレ!!〜,,,"['Adventure', 'Comedy', 'Romance']",2963.0,2963.0,30777,1.0,['Bandai Entertainment'],"Apr 2, 2001"
193,https://myanimelist.net/anime/193/Maburaho,Maburaho,まぶらほ,,,"['Comedy', 'Drama', 'Romance', 'Ecchi']",4922.0,4922.0,46813,24.0,['ADV Films'],"Oct 14, 2003 to Apr 6, 2004"
194,https://myanimelist.net/anime/194/Macross_Zero,Macross Zero,マクロス ゼロ,,,"['Adventure', 'Sci-Fi']",1562.0,1562.0,18131,5.0,[],"Dec 21, 2002 to Oct 20, 2004"
195,https://myanimelist.net/anime/195/Onegai☆Teacher,Please Teacher!,おねがい☆ティーチャー,,,"['Comedy', 'Drama', 'Romance', 'Sci-Fi']",3286.0,3286.0,89932,12.0,"['Nozomi Entertainment', 'Bandai Entertainment']","Jan 10, 2002 to Mar 28, 2002"
196,https://myanimelist.net/anime/196/Onegai☆Twins,Please Twins,おねがい☆ツインズ,,,"['Comedy', 'Drama', 'Sci-Fi']",4510.0,4510.0,47615,12.0,"['Nozomi Entertainment', 'Bandai Entertainment']","Jul 15, 2003 to Oct 14, 2003"
197,https://myanimelist.net/anime/197/Rizelmine,,りぜるまいん,,,"['Comedy', 'Romance', 'Sci-Fi', 'Ecchi']",6135.0,6135.0,10112,24.0,[],"Apr 3, 2002 to Dec 22, 2002"
198,https://myanimelist.net/anime/198/Speed_Grapher,Speed Grapher,スピードグラファー,,,"['Action', 'Mystery']",2326.0,2326.0,38752,24.0,['Funimation'],"Apr 8, 2005 to Sep 30, 2005"
199,https://myanimelist.net/anime/199/Sen_to_Chihiro_no_Kamikakushi,Spirited Away,千と千尋の神隠し,,,"['Adventure', 'Award Winning', 'Drama', 'Supernatural']",31.0,31.0,1108424,1.0,"['Disney Platform Distribution', 'GKIDS']","Jul 20, 2001"
200,https://myanimelist.net/anime/200/Tenshi_na_Konamaiki,Cheeky Angel,天使な小生意気,,,"['Comedy', 'Romance']",1829.0,1829.0,9284,50.0,[],"Apr 6, 2002 to Mar 29, 2003"
201,https://myanimelist.net/anime/201/Video_Girl_Ai,Video Girl Ai,電影少女 VIDEO・GIRL・AI,,,"['Comedy', 'Drama', 'Romance', 'Ecchi']",2914.0,2914.0,11782,6.0,['VIZ Media'],"Mar 27, 1992 to Aug 28, 1992"
202,https://myanimelist.net/anime/202/Wolfs_Rain,Wolf's Rain,ウルフズレイン,,,"['Action', 'Adventure', 'Drama', 'Fantasy', 'Mystery', 'Sci-Fi']",863.0,863.0,124494,26.0,"['Funimation', 'Bandai Entertainment']","Jan 7, 2003 to Jul 29, 2003"
203,https://myanimelist.net/anime/203/Words_Worth,,ワーズ・ワース,,,"['Adventure', 'Fantasy', 'Hentai']",,,3408,5.0,['NuTech Digital'],"Aug 25, 1999 to Nov 25, 2000"
204,https://myanimelist.net/anime/204/Yumeria,,ゆめりあ,,,"['Action', 'Comedy', 'Ecchi']",8396.0,8396.0,12353,12.0,"['ADV Films', 'Sentai Filmworks']","Jan 9, 2004 to Mar 26, 2004"
205,https://myanimelist.net/anime/205/Samurai_Champloo,Samurai Champloo,サムライチャンプルー,,,"['Action', 'Adventure', 'Comedy']",114.0,114.0,563495,26.0,"['Funimation', 'Geneon Entertainment USA']","May 20, 2004 to Mar 19, 2005"
206,https://myanimelist.net/anime/206/Lodoss-tou_Senki__Eiyuu_Kishi_Den,Record of Lodoss War: Chronicles of the Heroic Knight,ロードス島戦記　英雄騎士伝,,,"['Action', 'Adventure', 'Drama', 'Fantasy', 'Romance']",3250.0,3250.0,10501,27.0,"['Funimation', 'Central Park Media']","Apr 1, 1998 to Sep 30, 1998"
207,https://myanimelist.net/anime/207/Lodoss-tou_Senki,Record of Lodoss War,ロードス島戦記,,,"['Action', 'Adventure', 'Fantasy', 'Supernatural']",2114.0,2114.0,22057,13.0,"['Funimation', 'Central Park Media']","Jun 30, 1990 to Nov 23, 1991"
208,https://myanimelist.net/anime/208/ROD__Read_or_Die,R.O.D - Read or Die,R.O.D リード・オア・ダイ,,,"['Action', 'Adventure', 'Mystery', 'Sci-Fi']",1209.0,1209.0,31408,3.0,"['Aniplex of America', 'Manga Entertainment']","May 23, 2001 to Feb 6, 2002"
209,https://myanimelist.net/anime/209/ROD__The_TV,R.O.D -The TV-,アール・オー・ディー ザ・ティーヴィー,,,"['Action', 'Adventure', 'Comedy', 'Drama', 'Sci-Fi']",1513.0,1513.0,27559,26.0,"['Aniplex of America', 'Geneon Entertainment USA']","Sep 1, 2003 to Mar 16, 2004"
210,https://myanimelist.net/anime/210/Ranma_½,Ranma ½,らんま1/2,,,"['Comedy', 'Fantasy', 'Slice of Life']",940.0,940.0,109843,161.0,['VIZ Media'],"Apr 15, 1989 to Sep 25, 1992"
211,https://myanimelist.net/anime/211/Pure_Mail,,ピュアメール,,,[],,,1355,2.0,['Adult Source Media'],"Sep 25, 2001 to Dec 21, 2001"
212,https://myanimelist.net/anime/212/Project_A-Ko,,プロジェクトＡ子,,,"['Action', 'Adventure', 'Comedy', 'Sci-Fi']",4487.0,4487.0,7286,1.0,"['Central Park Media', 'Discotek Media']","Jun 21, 1986"
213,https://myanimelist.net/anime/213/Pia_Carrot_e_Youkoso,Welcome to Pia Carrot,Piaキャロットへようこそ!!,,,"['Comedy', 'Romance', 'Hentai']",,,1186,3.0,['NuTech Digital'],"Oct 24, 1997 to Apr 24, 1998"
214,https://myanimelist.net/anime/214/Pia_Carrot_e_Youkoso_2,Welcome To Pia Carrot 2,Piaキャロットへようこそ!! 2,,,"['Comedy', 'Romance', 'Hentai']",,,844,3.0,['NuTech Digital'],"Oct 23, 1998 to Apr 23, 1999"
215,https://myanimelist.net/anime/215/Pia_Carrot_e_Youkoso_2_DX,,Pia キャロット へ ようこそ!! 2 DX,,,"['Comedy', 'Romance']",7589.0,7589.0,914,6.0,['Sentai Filmworks'],"Dec 18, 1999 to Oct 25, 2000"
216,https://myanimelist.net/anime/216/Pia_Carrot_e_Youkoso__Sayaka_no_Koi_Monogatari,Welcome to Pia Carrot! Sayaka's Love Story,Pia キャロットへようこそ！！劇場版～さやかの恋物語～,,,"['Comedy', 'Romance']",9271.0,9271.0,1063,1.0,[],"Oct 19, 2002"
217,https://myanimelist.net/anime/217/Shin_Angel,New Angel,新エンジェル,,,"['Comedy', 'Drama', 'Romance', 'Hentai']",,,918,5.0,['SoftCel Pictures'],"Oct 21, 1994 to Nov 22, 1995"
218,https://myanimelist.net/anime/218/Kidou_Senkan_Nadesico,Martian Successor Nadesico,機動戦艦ナデシコ,,,"['Action', 'Comedy', 'Romance', 'Sci-Fi']",1658.0,1658.0,18369,26.0,"['ADV Films', 'Nozomi Entertainment']","Oct 1, 1996 to Mar 25, 1997"
219,https://myanimelist.net/anime/219/Kidou_Senkan_Nadesico__The_Prince_of_Darkness,Martian Successor Nadesico: The Prince of Darkness,機動戦艦ナデシコ The prince of darkness,,,"['Action', 'Comedy', 'Drama', 'Sci-Fi']",4950.0,4950.0,7668,1.0,"['ADV Films', 'Nozomi Entertainment']","Aug 1, 1998"
220,https://myanimelist.net/anime/220/Kuro_no_Danshou,Mystery of the Necronomicon,黒の断章,,,"['Horror', 'Hentai']",,,877,4.0,['Central Park Media'],"Oct 29, 1999 to Sep 25, 2000"
221,https://myanimelist.net/anime/221/Mezzo_Forte,,メゾフォルテ,,,"['Action', 'Comedy', 'Sci-Fi', 'Hentai']",,,13690,2.0,"['Media Blasters', 'SoftCel Pictures']","May 25, 2000 to Jun 25, 2001"
222,https://myanimelist.net/anime/222/Mezzo_DSA,,メゾ,,,"['Action', 'Adventure', 'Comedy', 'Mystery', 'Sci-Fi']",5373.0,5373.0,7882,13.0,"['ADV Films', 'Sentai Filmworks']","Jan 4, 2004 to Mar 28, 2004"
223,https://myanimelist.net/anime/223/Dragon_Ball,Dragon Ball,ドラゴンボール,,,"['Adventure', 'Comedy', 'Fantasy']",611.0,611.0,584961,153.0,"['Funimation', 'Harmony Gold']","Feb 26, 1986 to Apr 12, 1989"
225,https://myanimelist.net/anime/225/Dragon_Ball_GT,Dragon Ball GT,ドラゴンボールGT,,,"['Action', 'Adventure', 'Comedy', 'Fantasy', 'Sci-Fi']",6474.0,6474.0,382878,64.0,['Funimation'],"Feb 7, 1996 to Nov 19, 1997"
226,https://myanimelist.net/anime/226/Elfen_Lied,Elfen Lied,エルフェンリート,,,"['Action', 'Drama', 'Horror', 'Romance', 'Supernatural']",1607.0,1607.0,802854,13.0,['ADV Films'],"Jul 25, 2004 to Oct 17, 2004"
227,https://myanimelist.net/anime/227/FLCL,FLCL,フリクリ,,,"['Action', 'Avant Garde', 'Comedy', 'Sci-Fi']",521.0,521.0,386844,6.0,"['Funimation', 'Synch-Point']","Apr 26, 2000 to Mar 16, 2001"
228,https://myanimelist.net/anime/228/Jigoku_Shoujo,Hell Girl,地獄少女,,,"['Horror', 'Mystery', 'Supernatural']",1291.0,1291.0,123986,26.0,['Funimation'],"Oct 5, 2005 to Apr 5, 2006"
229,https://myanimelist.net/anime/229/Ninin_ga_Shinobuden,Ninja Nonsense,ニニンがシノブ伝,,,[],4257.0,4257.0,15305,12.0,"['Nozomi Entertainment', 'NYAV Post']","Jul 10, 2004 to Sep 25, 2004"
230,https://myanimelist.net/anime/230/Air_Master,Air Master,エアマスター,,,"['Action', 'Comedy']",3892.0,3892.0,15280,27.0,['Geneon Entertainment USA'],"Apr 2, 2003 to Oct 1, 2003"
231,https://myanimelist.net/anime/231/Asagiri_no_Miko,Shrine of the Morning Mist,朝霧の巫女,,,"['Action', 'Comedy', 'Fantasy', 'Supernatural']",8232.0,8232.0,2283,26.0,"['Media Blasters', 'NYAV Post']","Jul 4, 2002 to Dec 26, 2002"
232,https://myanimelist.net/anime/232/Cardcaptor_Sakura,Cardcaptor Sakura,カードキャプターさくら,,,"['Adventure', 'Comedy', 'Drama', 'Fantasy', 'Romance']",370.0,370.0,198360,70.0,"['Nelvana', 'NIS America, Inc.', 'Geneon Entertainment USA']","Apr 7, 1998 to Mar 21, 2000"
233,https://myanimelist.net/anime/233/Daa_Daa_Daa,,だぁ! だぁ! だぁ!,,,"['Comedy', 'Sci-Fi']",1192.0,1192.0,10546,78.0,[],"Mar 28, 2000 to Feb 26, 2002"
234,https://myanimelist.net/anime/234/Dan_Doh,,ダンドー,,,"['Adventure', 'Sports']",5410.0,5410.0,1567,26.0,['Bandai Entertainment'],"Apr 3, 2004 to Sep 25, 2004"
235,https://myanimelist.net/anime/235/Detective_Conan,Case Closed,名探偵コナン,,,"['Adventure', 'Comedy', 'Mystery']",364.0,364.0,141533,,"['Funimation', 'Crunchyroll']","Jan 8, 1996 to ?"
236,https://myanimelist.net/anime/236/Es_Otherwise,E's Otherwise,エスアザーワイズ,,,"['Adventure', 'Comedy', 'Drama', 'Sci-Fi', 'Supernatural']",5613.0,5613.0,6701,26.0,['ADV Films'],"Apr 1, 2003 to Sep 23, 2003"
237,https://myanimelist.net/anime/237/Koukyoushihen_Eureka_Seven,Eureka Seven,交響詩篇エウレカセブン,,,"['Adventure', 'Drama', 'Romance', 'Sci-Fi']",480.0,480.0,173579,50.0,"['Funimation', 'Bandai Entertainment']","Apr 17, 2005 to Apr 2, 2006"
238,https://myanimelist.net/anime/238/Rekka_no_Honoo,Flame of Recca,烈火の炎,,,"['Action', 'Adventure']",2207.0,2207.0,26339,42.0,"['VIZ Media', 'Discotek Media']","Jul 19, 1997 to Jul 10, 1998"
239,https://myanimelist.net/anime/239/Gankutsuou,Gankutsuou: The Count of Monte Cristo,巌窟王,,,"['Drama', 'Mystery', 'Sci-Fi', 'Supernatural', 'Suspense']",366.0,366.0,68228,24.0,"['Funimation', 'Geneon Entertainment USA']","Oct 6, 2004 to Mar 30, 2005"
240,https://myanimelist.net/anime/240/Genshiken,Genshiken,げんしけん,,,"['Comedy', 'Slice of Life']",1195.0,1195.0,67224,12.0,['Media Blasters'],"Oct 10, 2004 to Dec 26, 2004"
241,https://myanimelist.net/anime/241/Girls_Bravo__First_Season,Girls Bravo,GIRLSブラボー first season,,,"['Comedy', 'Fantasy', 'Romance', 'Ecchi']",6801.0,6801.0,67738,11.0,"['Funimation', 'Geneon Entertainment USA']","Jul 5, 2004 to Sep 27, 2004"
242,https://myanimelist.net/anime/242/Gokusen,The Gokusen,ごくせん,,,"['Comedy', 'Drama', 'Slice of Life']",1953.0,1953.0,19234,13.0,"['Media Blasters', 'NYAV Post']","Jan 7, 2004 to Mar 31, 2004"
243,https://myanimelist.net/anime/243/Gravitation,Gravitation,グラビテーション,,,"['Boys Love', 'Comedy', 'Romance']",4017.0,4017.0,61277,13.0,['Nozomi Entertainment'],"Oct 4, 2000 to Jan 10, 2001"
244,https://myanimelist.net/anime/244/Agatha_Christie_no_Meitantei_Poirot_to_Marple,Agatha Christie's Great Detectives Poirot and Marple,アガサ・クリスティーの名探偵ポワロとマープル,,,[],4352.0,4352.0,2078,39.0,[],"Jul 4, 2004 to May 15, 2005"
245,https://myanimelist.net/anime/245/Great_Teacher_Onizuka,Great Teacher Onizuka,グレート・ティーチャー・オニヅカ,,,"['Comedy', 'Drama']",50.0,50.0,353719,43.0,"['Discotek Media', 'Tokyopop']","Jun 30, 1999 to Sep 17, 2000"
246,https://myanimelist.net/anime/246/Groove_Adventure_Rave,Rave Master,レイヴ,,,"['Adventure', 'Comedy', 'Fantasy', 'Romance']",2771.0,2771.0,38515,51.0,['Tokyopop'],"Oct 13, 2001 to Sep 28, 2002"
247,https://myanimelist.net/anime/247/Harukanaru_Toki_no_Naka_de__Hachiyou_Shou,Haruka: Beyond the Stream of Time – A Tale of the Eight Guardians,遙かなる時空の中で〜八葉抄〜,,,"['Fantasy', 'Supernatural']",3800.0,3800.0,7289,26.0,['Bandai Visual USA'],"Oct 6, 2004 to Mar 30, 2005"
248,https://myanimelist.net/anime/248/Ichigo_100,Strawberry 100%,いちご100%,,,"['Comedy', 'Romance', 'Ecchi']",5510.0,5510.0,52381,12.0,[],"Apr 6, 2005 to Jun 22, 2005"
249,https://myanimelist.net/anime/249/InuYasha,InuYasha,犬夜叉,,,"['Action', 'Adventure', 'Comedy', 'Fantasy', 'Romance', 'Supernatural']",783.0,783.0,350563,167.0,['VIZ Media'],"Oct 16, 2000 to Sep 13, 2004"
250,https://myanimelist.net/anime/250/Konjiki_no_Gash_Bell,Zatch Bell!,金色のガッシュベル!!,,,"['Adventure', 'Comedy', 'Supernatural']",1541.0,1541.0,55047,150.0,"['VIZ Media', 'Flatiron Film Company']","Apr 6, 2003 to Mar 26, 2006"
251,https://myanimelist.net/anime/251/Kyou_kara_Maou,King From Now On!,今日からマ王！,,,"['Adventure', 'Comedy', 'Fantasy']",1197.0,1197.0,39233,78.0,['Discotek Media'],"Apr 3, 2004 to Feb 25, 2006"
252,https://myanimelist.net/anime/252/Madlax,,マドラックス,,,"['Drama', 'Mystery', 'Supernatural']",3708.0,3708.0,12679,26.0,['ADV Films'],"Apr 6, 2004 to Sep 28, 2004"
253,https://myanimelist.net/anime/253/Jungle_wa_Itsumo_Hare_nochi_Guu,Haré+Guu,ジャングルはいつもハレのちグゥ,,,"['Comedy', 'Slice of Life']",841.0,841.0,13620,26.0,"['Funimation', 'AN Entertainment']","Apr 3, 2001 to Sep 25, 2001"
254,https://myanimelist.net/anime/254/Jungle_wa_Itsumo_Hare_nochi_Guu_Deluxe,Haré+Guu Deluxe,ジャングルはいつもハレのちグゥ　デラックス,,,"['Comedy', 'Slice of Life']",877.0,877.0,6484,6.0,"['Funimation', 'AN Entertainment']","Aug 25, 2002 to Jan 25, 2003"
255,https://myanimelist.net/anime/255/Jungle_wa_Itsumo_Hare_nochi_Guu_Final,,ジャングルはいつもハレのちグゥ　ＦＩＮＡＬ,,,"['Comedy', 'Slice of Life']",1232.0,1232.0,5228,7.0,[],"Dec 21, 2003 to Jun 25, 2004"
256,https://myanimelist.net/anime/256/Hoshi_no_Koe,Voices of a Distant Star,ほしのこえ,,,"['Drama', 'Romance', 'Sci-Fi']",3145.0,3145.0,74479,1.0,"['ADV Films', 'GKIDS']","Feb 2, 2002"
257,https://myanimelist.net/anime/257/Ikkitousen,Ikki Tousen,一騎当千,,,[],6720.0,6720.0,65836,13.0,"['Funimation', 'Geneon Entertainment USA']","Jul 30, 2003 to Oct 22, 2003"
258,https://myanimelist.net/anime/258/Hitsuji_no_Uta,,羊のうた,,,"['Drama', 'Horror']",7935.0,7935.0,6225,4.0,[],"May 25, 2003 to Feb 25, 2004"
259,https://myanimelist.net/anime/259/Happy☆Lesson,,HAPPY☆LESSON,,,"['Comedy', 'Romance']",5657.0,5657.0,4385,5.0,[],"Jul 19, 2001 to May 23, 2003"
260,https://myanimelist.net/anime/260/Happy☆Lesson_TV,,HAPPY☆LESSON,,,"['Comedy', 'Drama', 'Romance', 'Slice of Life']",5527.0,5527.0,11505,13.0,['ADV Films'],"Apr 1, 2002 to Jun 30, 2002"
261,https://myanimelist.net/anime/261/Happy☆Lesson_Advance,,HAPPY☆LESSON ADVANCE,,,"['Comedy', 'Romance', 'Slice of Life']",4734.0,4734.0,6127,13.0,[],"Jul 3, 2003 to Sep 28, 2003"
262,https://myanimelist.net/anime/262/Happy☆Lesson_The_Final,,HAPPY☆LESSON THE FINAL,,,"['Comedy', 'Romance']",4735.0,4735.0,4045,3.0,[],"May 25, 2004 to Oct 22, 2004"
263,https://myanimelist.net/anime/263/Hajime_no_Ippo,Fighting Spirit,はじめの一歩 THE FIGHTING!,,,"['Comedy', 'Drama', 'Sports']",39.0,39.0,232010,75.0,"['Discotek Media', 'Geneon Entertainment USA']","Oct 4, 2000 to Mar 27, 2002"
264,https://myanimelist.net/anime/264/Hajime_no_Ippo__Champion_Road,Fighting Spirit: Champion Road,はじめの一歩 -Champion Road-,,,"['Comedy', 'Sports']",255.0,255.0,69326,1.0,"['Discotek Media', 'Geneon Entertainment USA']","Apr 18, 2003"
265,https://myanimelist.net/anime/265/Hajime_no_Ippo__Mashiba_vs_Kimura,,はじめの一歩 間柴vs木村 死刑執行,,,"['Comedy', 'Sports']",284.0,284.0,56171,1.0,['Discotek Media'],"Sep 5, 2003"
266,https://myanimelist.net/anime/266/Gunparade_March__Arata_Naru_Kougunka,Gunparade March: A New Song for the March,ガンパレード・マーチ -新たなる行軍歌-,,,"['Drama', 'Romance', 'Sci-Fi', 'Slice of Life']",4914.0,4914.0,5778,12.0,"['Media Blasters', 'Maiden Japan']","Feb 6, 2003 to Apr 24, 2003"
267,https://myanimelist.net/anime/267/Gungrave,Gungrave,ガングレイヴ,,,"['Action', 'Drama', 'Sci-Fi']",809.0,809.0,64571,26.0,"['Funimation', 'Geneon Entertainment USA']","Oct 7, 2003 to Mar 30, 2004"
268,https://myanimelist.net/anime/268/Golden_Boy,Golden Boy,ゴールデンボーイ,,,"['Adventure', 'Comedy', 'Ecchi']",538.0,538.0,173626,6.0,"['ADV Films', 'Media Blasters', 'Discotek Media']","Oct 27, 1995 to Jun 28, 1996"
269,https://myanimelist.net/anime/269/Bleach,Bleach,BLEACH - ブリーチ -,,,"['Action', 'Adventure', 'Comedy', 'Supernatural']",779.0,779.0,943530,366.0,['VIZ Media'],"Oct 5, 2004 to Mar 27, 2012"
270,https://myanimelist.net/anime/270/Hellsing,Hellsing,Hellsing [ヘルシング],,,"['Action', 'Horror', 'Supernatural']",1671.0,1671.0,332908,13.0,"['Funimation', 'Geneon Entertainment USA']","Oct 11, 2001 to Jan 17, 2002"
271,https://myanimelist.net/anime/271/Gad_Guard,,ガドガード,,,"['Adventure', 'Sci-Fi']",5334.0,5334.0,4481,26.0,"['Funimation', 'Geneon Entertainment USA']","Apr 16, 2003 to Sep 25, 2003"
272,https://myanimelist.net/anime/272/Noir,Noir,ノワール,,,"['Action', 'Drama', 'Mystery']",2494.0,2494.0,37060,26.0,"['ADV Films', 'Funimation']","Apr 6, 2001 to Sep 28, 2001"
273,https://myanimelist.net/anime/273/Mahoutsukai_ni_Taisetsu_na_Koto,Someday's Dreamers,魔法遣いに大切なこと,,,"['Drama', 'Slice of Life']",5118.0,5118.0,6787,12.0,"['Sentai Filmworks', 'Geneon Entertainment USA']","Jan 10, 2003 to Mar 28, 2003"
274,https://myanimelist.net/anime/274/Kiddy_Grade,Kiddy Grade,キディ・グレイド,,,"['Action', 'Sci-Fi', 'Ecchi']",2959.0,2959.0,18169,24.0,['Funimation'],"Oct 9, 2002 to Mar 19, 2003"
275,https://myanimelist.net/anime/275/Love♥Love,Love♥Love?,LOVE♥LOVE?,,,"['Comedy', 'Romance', 'Ecchi']",9334.0,9334.0,9273,9.0,['Maiden Japan'],"May 4, 2004 to Jun 29, 2004"
276,https://myanimelist.net/anime/276/Mahoromatic__Automatic_Maiden,Mahoromatic: Automatic Maiden,まほろまてぃっく,,,"['Comedy', 'Romance', 'Sci-Fi', 'Ecchi']",3155.0,3155.0,24999,12.0,"['Sentai Filmworks', 'Geneon Entertainment USA']","Oct 5, 2001 to Dec 28, 2001"
277,https://myanimelist.net/anime/277/Mahoromatic__Motto_Utsukushii_Mono,Mahoromatic ~Something More Beautiful~,まほろまてぃっく  ~もっと美しいもの~,,,"['Comedy', 'Drama', 'Romance', 'Sci-Fi', 'Ecchi']",3156.0,3156.0,15623,14.0,"['Sentai Filmworks', 'Geneon Entertainment USA']","Sep 26, 2002 to Jan 16, 2003"
278,https://myanimelist.net/anime/278/Viewtiful_Joe,,ビューティフル ジョー,,,"['Action', 'Comedy', 'Sci-Fi']",5004.0,5004.0,4927,51.0,['Geneon Entertainment USA'],"Oct 2, 2004 to Sep 24, 2005"
279,https://myanimelist.net/anime/279/Kyougoku_Natsuhiko__Kousetsu_Hyaku_Monogatari,Requiem from the Darkness,京極夏彦　巷説百物語,,,"['Fantasy', 'Horror', 'Mystery', 'Supernatural']",3278.0,3278.0,9034,13.0,"['Discotek Media', 'Geneon Entertainment USA']","Oct 4, 2003 to Dec 27, 2003"
280,https://myanimelist.net/anime/280/Animal_Yokochou,Animal Lane,アニマル横町,,,"['Adventure', 'Comedy', 'Fantasy']",3520.0,3520.0,792,51.0,[],"Oct 4, 2005 to Sep 26, 2006"
281,https://myanimelist.net/anime/281/Akane_Maniax,,アカネマニアックス,,,"['Comedy', 'Romance']",9843.0,9843.0,9140,3.0,[],"Nov 25, 2004 to Aug 26, 2005"
282,https://myanimelist.net/anime/282/Angel_Heart,,エンジェル・ハート,,,"['Action', 'Drama', 'Mystery', 'Romance']",2564.0,2564.0,5147,50.0,[],"Oct 4, 2005 to Sep 26, 2006"
283,https://myanimelist.net/anime/283/Akage_no_Anne,Anne of Green Gables,赤毛のアン,,,"['Drama', 'Slice of Life']",1050.0,1050.0,8211,50.0,[],"Jan 7, 1979 to Dec 30, 1979"
284,https://myanimelist.net/anime/284/Area_88_TV,,エリア８８,,,"['Action', 'Drama', 'Romance']",3810.0,3810.0,4973,12.0,['ADV Films'],"Jan 9, 2004 to Mar 26, 2004"
285,https://myanimelist.net/anime/285/Argento_Soma,,アルジェント ソーマ,,,"['Action', 'Adventure', 'Drama', 'Sci-Fi']",4840.0,4840.0,6553,25.0,"['Bandai Entertainment', 'Sentai Filmworks']","Oct 6, 2000 to Mar 22, 2001"
286,https://myanimelist.net/anime/286/BT_X,,B`T X　ビート・エックス,,,"['Adventure', 'Sci-Fi']",3714.0,3714.0,4841,25.0,['Anime Midstream'],"Apr 6, 1996 to Sep 21, 1996"
287,https://myanimelist.net/anime/287/Grappler_Baki_TV,,グラップラー刃牙,,,"['Action', 'Sports']",1804.0,1804.0,54343,24.0,['Funimation'],"Jan 9, 2001 to Jun 26, 2001"
288,https://myanimelist.net/anime/288/Bakuten_Shoot_Beyblade,Beyblade,爆転シュート　ベイブレード,,,"['Action', 'Adventure', 'Comedy', 'Sports']",5009.0,5009.0,65266,51.0,"['Nelvana', 'Discotek Media']","Jan 8, 2001 to Dec 24, 2001"
289,https://myanimelist.net/anime/289/Comic_Party,Comic Party,こみっくパーティー,,,"['Comedy', 'Drama']",5853.0,5853.0,7545,13.0,"['Nozomi Entertainment', 'Discotek Media']","Apr 2, 2001 to Jun 25, 2001"
290,https://myanimelist.net/anime/290/Seikai_no_Monshou,Crest of the Stars,星界の紋章,,,"['Action', 'Romance', 'Sci-Fi']",1170.0,1170.0,17080,13.0,"['Funimation', 'Bandai Entertainment']","Jan 3, 1999 to Mar 28, 1999"
291,https://myanimelist.net/anime/291/DCSS__Da_Capo_Second_Season,D.C.S.S. ~Da Capo Second Season~,D.C.S.S. ～ダ・カーポ セカンドシーズン～,,,"['Comedy', 'Drama', 'Romance', 'Supernatural']",3956.0,3956.0,15129,26.0,[],"Jul 2, 2005 to Dec 24, 2005"
292,https://myanimelist.net/anime/292/Dear_Boys,Hoop Days,ディア・ボーイズ,,,"['Drama', 'Sports']",4641.0,4641.0,9655,26.0,['Bandai Entertainment'],"Apr 7, 2003 to Sep 29, 2003"
293,https://myanimelist.net/anime/293/Di_Gi_Charat,,デ・ジ･キャラット,,,"['Comedy', 'Fantasy', 'Sci-Fi']",4844.0,4844.0,9306,16.0,"['Sentai Filmworks', 'Synch-Point']","Nov 30, 1999 to Dec 24, 1999"
294,https://myanimelist.net/anime/294/Divergence_Eve,,ダイバージェンス・イヴ,,,"['Adventure', 'Comedy', 'Drama', 'Sci-Fi']",9183.0,9183.0,3930,13.0,"['ADV Films', 'Sentai Filmworks']","Jul 2, 2003 to Sep 24, 2003"
295,https://myanimelist.net/anime/295/Divergence_Eve_2__Misaki_Chronicles,Misaki Chronicle: Divergence Eve,みさきクロニクル 〜ダイバージェンス・イヴ〜,,,"['Adventure', 'Drama', 'Sci-Fi']",7228.0,7228.0,2388,13.0,"['ADV Films', 'Sentai Filmworks']","Jan 3, 2004 to Mar 27, 2004"
296,https://myanimelist.net/anime/296/Dragon_Drive,Dragon Drive,ドラゴンドライブ,,,"['Action', 'Adventure', 'Comedy', 'Fantasy', 'Sci-Fi']",5211.0,5211.0,9402,38.0,['Bandai Entertainment'],"Jul 4, 2002 to Mar 27, 2003"
297,https://myanimelist.net/anime/297/Grenadier__Hohoemi_no_Senshi,Grenadier: The Beautiful Warrior,グレネーダー 〜ほほえみの閃士〜,,,"['Action', 'Adventure', 'Comedy', 'Ecchi']",5216.0,5216.0,24526,12.0,['Media Blasters'],"Oct 14, 2004 to Jan 13, 2005"
298,https://myanimelist.net/anime/298/hack__Tasogare_no_Udewa_Densetsu,.hack//Legend Of The Twilight,.hack//黄昏の腕輪伝説,,,"['Adventure', 'Comedy', 'Fantasy', 'Sci-Fi']",5844.0,5844.0,33722,12.0,"['Funimation', 'Bandai Entertainment']","Jan 9, 2003 to Mar 27, 2003"
299,https://myanimelist.net/anime/299/hack__Liminality,.hack//Liminality,.hack//LIMINALITY,,,"['Mystery', 'Sci-Fi']",5734.0,5734.0,15802,4.0,['Bandai Entertainment'],"Jun 20, 2002 to Apr 10, 2003"
300,https://myanimelist.net/anime/300/3x3_Eyes,3x3 Eyes,3×3EYES,,,"['Action', 'Fantasy', 'Horror', 'Romance']",5033.0,5033.0,11315,4.0,['Geneon Entertainment USA'],"Jul 25, 1991 to Mar 19, 1992"
301,https://myanimelist.net/anime/301/Cinderella_Boy,,シンデレラボーイ,,,"['Action', 'Adventure', 'Comedy', 'Mystery']",7293.0,7293.0,2610,13.0,['Discotek Media'],"Jun 24, 2003 to Sep 16, 2003"
302,https://myanimelist.net/anime/302/Mirai_Shounen_Conan,Future Boy Conan,未来少年コナン,,,"['Adventure', 'Drama', 'Sci-Fi']",448.0,448.0,14460,26.0,['GKIDS'],"Apr 4, 1978 to Oct 31, 1978"
303,https://myanimelist.net/anime/303/Aa_Megami-sama__Chichaitte_Koto_wa_Benri_da_ne,Oh! My Goddess: The Adventures of Mini-Goddess,ああっ女神さまっ 小っちゃいって事は便利だねっ,,,"['Comedy', 'Supernatural']",4273.0,4273.0,9616,48.0,['Geneon Entertainment USA'],"Apr 6, 1998 to Mar 29, 1999"
304,https://myanimelist.net/anime/304/Aa_Megami-sama_Movie,Ah! My Goddess: The Movie,劇場版　ああっ女神さまっ,,,"['Comedy', 'Romance', 'Supernatural']",1468.0,1468.0,21782,1.0,['Geneon Entertainment USA'],"Oct 21, 2000"
305,https://myanimelist.net/anime/305/Abashiri_Ikka,,あばしり一家,,,"['Action', 'Comedy']",11117.0,11117.0,1541,4.0,['ADV Films'],"May 21, 1991 to Nov 21, 1991"
306,https://myanimelist.net/anime/306/Abenobashi_Mahou☆Shoutengai,Magical☆Shopping Arcade Abenobashi,アベノ橋魔法☆商店街,,,"['Comedy', 'Fantasy', 'Ecchi']",2723.0,2723.0,32270,13.0,['ADV Films'],"Apr 4, 2002 to Jun 27, 2002"
307,https://myanimelist.net/anime/307/Kerokko_Demetan,Adventures On Rainbow Pond,けろっこデメタン,,,"['Comedy', 'Fantasy']",8926.0,8926.0,461,39.0,[],"Jan 2, 1973 to Sep 25, 1973"
308,https://myanimelist.net/anime/308/Zettai_Shounen,,絶対少年,,,"['Drama', 'Fantasy', 'Mystery', 'Sci-Fi']",4253.0,4253.0,3671,26.0,[],"May 21, 2005 to Nov 19, 2005"
309,https://myanimelist.net/anime/309/Akahori_Gedou_Hour_Rabuge,Akahori's Heretical Hour Love Game,あかほり外道アワーらぶげ,,,[],8000.0,8000.0,1448,13.0,[],"Jul 5, 2005 to Sep 27, 2005"
310,https://myanimelist.net/anime/310/Chiisana_Obake__Acchi_Kocchi_Socchi,Three Little Ghosts,小さなおばけ アッチ・ソッチ・コッチ,,,"['Comedy', 'Supernatural']",8540.0,8540.0,581,50.0,[],"Apr 9, 1991 to Apr 7, 1992"
311,https://myanimelist.net/anime/311/Ace_wo_Nerae,,エースをねらえ!,,,"['Drama', 'Romance', 'Sports']",3623.0,3623.0,2828,26.0,[],"Oct 5, 1973 to Mar 29, 1974"
312,https://myanimelist.net/anime/312/Ace_wo_Nerae_Final_Stage,,「エースをねらえ！」 —ファイナル・ステージ—,,,"['Action', 'Drama', 'Sports']",5197.0,5197.0,601,12.0,[],"Oct 25, 1989 to Apr 25, 1990"
313,https://myanimelist.net/anime/313/Ace_wo_Nerae_1979,Aim for the Ace! (1979),エースをねらえ！,,,"['Drama', 'Romance', 'Sports']",4383.0,4383.0,1467,1.0,[],"Sep 8, 1979"
314,https://myanimelist.net/anime/314/Ace_wo_Nerae_2,,エースをねらえ！２,,,"['Drama', 'Sports']",3783.0,3783.0,855,13.0,[],"Jul 25, 1988 to Oct 25, 1988"
315,https://myanimelist.net/anime/315/Xiao_Qian,A Chinese Ghost Story,チャイニーズゴーストストーリー小倩,,,"['Action', 'Drama', 'Fantasy', 'Romance']",6869.0,6869.0,1076,1.0,['VIZ Media'],"Jul 31, 1997"
316,https://myanimelist.net/anime/316/Nageki_no_Kenkou_Yuuryouji,"F3: Frantic, Frustrated & Female",嘆きの健康優良児,,,"['Comedy', 'Girls Love', 'Erotica', 'Hentai']",,,1958,3.0,"['Media Blasters', 'Critical Mass Video', 'SoftCel Pictures']","Aug 5, 1994 to Oct 13, 1995"
317,https://myanimelist.net/anime/317/Final_Fantasy_VII__Advent_Children,,ファイナルファンタジーVII アドベントチルドレン,,,"['Action', 'Fantasy']",1008.0,1008.0,138665,1.0,['Sony Pictures Entertainment'],"Sep 14, 2005"
318,https://myanimelist.net/anime/318/Hand_Maid_May,,HAND MAID メイ,,,"['Comedy', 'Romance', 'Sci-Fi', 'Ecchi']",5141.0,5141.0,12915,10.0,['Geneon Entertainment USA'],"Jul 26, 2000 to Sep 27, 2000"
319,https://myanimelist.net/anime/319/Happy_World,,Happy World!,,,"['Comedy', 'Fantasy', 'Romance', 'Ecchi']",8810.0,8810.0,2730,3.0,[],"Dec 13, 2002 to Jun 27, 2003"
320,https://myanimelist.net/anime/320/A_Kite,Kite,A KITE（カイト）,,,"['Action', 'Drama', 'Hentai']",,,30054,2.0,['Media Blasters'],"Feb 25, 1998 to Oct 25, 1998"
321,https://myanimelist.net/anime/321/Najica_Dengeki_Sakusen,Najica Blitz Tactics,ナジカ電撃作戦,,,"['Action', 'Comedy', 'Sci-Fi', 'Ecchi']",8831.0,8831.0,6176,12.0,['ADV Films'],"Oct 5, 2001 to Dec 27, 2001"
322,https://myanimelist.net/anime/322/Paradise_Kiss,Paradise Kiss,Paradise kiss,,,"['Comedy', 'Drama', 'Romance', 'Slice of Life']",788.0,788.0,84926,12.0,['Geneon Entertainment USA'],"Oct 14, 2005 to Dec 30, 2005"
323,https://myanimelist.net/anime/323/Mousou_Dairinin,Paranoia Agent,妄想代理人,,,"['Avant Garde', 'Drama', 'Mystery', 'Supernatural', 'Suspense']",1157.0,1157.0,138168,13.0,"['Funimation', 'Geneon Entertainment USA']","Feb 3, 2004 to May 18, 2004"
324,https://myanimelist.net/anime/324/Kidou_Keisatsu_Patlabor__On_Television,Patlabor: The Mobile Police - The TV Series,機動警察パトレイバー ON TELEVISION,,,"['Comedy', 'Sci-Fi']",1139.0,1139.0,8846,47.0,"['Central Park Media', 'Maiden Japan']","Oct 11, 1989 to Sep 26, 1990"
325,https://myanimelist.net/anime/325/Peach_Girl,Peach Girl: Super Pop Love Hurricane,ピーチガール,,,"['Drama', 'Romance', 'Slice of Life']",3989.0,3989.0,47443,25.0,['Funimation'],"Jan 8, 2005 to Jun 25, 2005"
326,https://myanimelist.net/anime/326/Petshop_of_Horrors,Pet Shop of Horrors,Pet Shop of Horrors (ペットショップ・オブ・ホラーズ),,,"['Horror', 'Mystery', 'Supernatural']",2703.0,2703.0,28465,4.0,"['Sentai Filmworks', 'Urban Vision']","Mar 2, 1999 to Mar 23, 1999"
327,https://myanimelist.net/anime/327/Puchi_PriYucie,Petite Princess Yucie,ぷちぷり＊ユーシィ,,,"['Comedy', 'Fantasy']",1885.0,1885.0,5519,26.0,['ADV Films'],"Sep 30, 2002 to Mar 24, 2003"
328,https://myanimelist.net/anime/328/Piano_TV,Piano: The Melody of a Young Girl's Heart,PIANO,,,"['Drama', 'Romance', 'Slice of Life']",8765.0,8765.0,3000,10.0,['Nozomi Entertainment'],"Nov 11, 2002 to Jan 13, 2003"
329,https://myanimelist.net/anime/329/Planetes,Planetes,プラネテス,,,"['Drama', 'Romance', 'Sci-Fi']",256.0,256.0,70012,26.0,['Bandai Entertainment'],"Oct 4, 2003 to Apr 17, 2004"
337,https://myanimelist.net/anime/337/Psychic_Academy,Psychic Academy,サイキックアカデミー煌羅万象,,,"['Comedy', 'Romance', 'Supernatural']",7689.0,7689.0,4480,24.0,['Tokyopop'],"Mar 29, 2002 to Sep 13, 2002"
504,https://myanimelist.net/anime/504/Fatal_Fury__The_Motion_Picture,Fatal Fury: The Motion Picture,餓狼伝説,,,"['Action', 'Adventure', 'Drama', 'Romance']",5858.0,5858.0,6786,1.0,"['VIZ Media', 'Discotek Media']","Jul 16, 1994"
506,https://myanimelist.net/anime/506/Glass_no_Kamen,,ガラスの仮面,,,"['Drama', 'Romance']",2262.0,2262.0,2394,23.0,['Maiden Japan'],"Apr 9, 1984 to Sep 24, 1984"
507,https://myanimelist.net/anime/507/Gravitation__Lyrics_of_Love,,グラビテーション,,,"['Boys Love', 'Comedy', 'Romance']",4196.0,4196.0,17536,2.0,['Nozomi Entertainment'],"Jul 23, 1999 to Sep 22, 1999"
508,https://myanimelist.net/anime/508/Tottoko_Hamtarou,Hamtaro,とっとこハム太郎,,,"['Adventure', 'Comedy']",3932.0,3932.0,26779,296.0,['VIZ Media'],"Jul 7, 2000 to Mar 31, 2006"
509,https://myanimelist.net/anime/509/I_My_Me_Strawberry_Eggs,I My Me! Strawberry Eggs,あぃまぃみぃ！ストロベリー・エッグ,,,"['Comedy', 'Drama', 'Romance', 'Slice of Life']",4828.0,4828.0,18874,13.0,['Geneon Entertainment USA'],"Jul 4, 2001 to Sep 26, 2001"
510,https://myanimelist.net/anime/510/Kakyuusei_2__Hitomi_no_Naka_no_Shoujo-tachi,Kakyusei 2,下級生２ ～瞳の中の少女たち～,,,"['Comedy', 'Drama', 'Romance']",9502.0,9502.0,1354,13.0,[],"Oct 2, 2004 to Dec 25, 2004"
511,https://myanimelist.net/anime/511/Kidou_Shinsengumi_Moeyo_Ken_TV,Moeyo Ken TV,機動新撰組 萌えよ剣 TV,,,"['Adventure', 'Comedy', 'Fantasy']",7941.0,7941.0,1815,13.0,"['ADV Films', 'Funimation']","Jul 2, 2005 to Sep 24, 2005"
512,https://myanimelist.net/anime/512/Majo_no_Takkyuubin,Kiki's Delivery Service,魔女の宅急便,,,"['Adventure', 'Comedy', 'Drama', 'Fantasy']",305.0,305.0,312940,1.0,"['Disney Platform Distribution', 'GKIDS']","Jul 29, 1989"
513,https://myanimelist.net/anime/513/Tenkuu_no_Shiro_Laputa,Castle in the Sky,天空の城ラピュタ,,,"['Adventure', 'Fantasy', 'Romance', 'Sci-Fi']",257.0,257.0,259802,1.0,"['Disney Platform Distribution', 'GKIDS']","Aug 2, 1986"
516,https://myanimelist.net/anime/516/Keroro_Gunsou,Sgt. Frog,ケロロ軍曹,,,"['Comedy', 'Sci-Fi']",1099.0,1099.0,31224,358.0,"['ADV Films', 'Funimation', 'Discotek Media']","Apr 3, 2004 to Apr 4, 2011"
